,best_index,param_index,run,f1,accuracy,false_negatives
0,"['0', '1', '2']",1,3,0.7415730337078651,"[0.8992700729927007, 0.8992700729927007, 0.8992700729927007]","[69, 69, 69]"
