,best_index,param_index,run,f1,accuracy,false_negatives
0,"['0', '1', '2', '3', '4', '5', '6']",3,1,0.6893203883495146,"[0.8796992481203008, 0.8796992481203008, 0.8796992481203008, 0.8796992481203008, 0.8796992481203008, 0.8796992481203008, 0.8796992481203008]","[64, 64, 64, 64, 64, 64, 64]"
