,best_index,param_index,run,f1,accuracy,false_negatives
0,"['0', '1']",2,3,0.8789808917197451,"[0.9718100890207716, 0.9718100890207716]","[19, 19]"
