,best_index,param_index,run,f1,accuracy,false_negatives
0,"['0', '1', '2']",4,2,0.6717557251908397,"[0.8632750397456279, 0.8632750397456279, 0.8632750397456279]","[86, 86, 86]"
