,Rule Index,Accuracy,True_Negatives,False_Positives,False_Negatives,True_Positives,Precision,Recall,F1 Score
0,0,0.9795620437956204,640,0,14,31,1.0,0.6888888888888889,0.8157894736842105
1,1,0.9795620437956204,640,0,14,31,1.0,0.6888888888888889,0.8157894736842105
2,2,0.9795620437956204,640,0,14,31,1.0,0.6888888888888889,0.8157894736842105
3,3,0.9795620437956204,640,0,14,31,1.0,0.6888888888888889,0.8157894736842105
4,4,0.9795620437956204,640,0,14,31,1.0,0.6888888888888889,0.8157894736842105
5,5,0.9795620437956204,640,0,14,31,1.0,0.6888888888888889,0.8157894736842105
6,6,0.9781021897810219,640,0,15,30,1.0,0.6666666666666666,0.8
7,7,0.9781021897810219,640,0,15,30,1.0,0.6666666666666666,0.8
8,8,0.9766423357664233,640,0,16,29,1.0,0.6444444444444445,0.7837837837837839
9,9,0.9664233576642336,628,12,11,34,0.7391304347826086,0.7555555555555555,0.7472527472527473
10,ensemble_avg,0.9795620437956204,640,0,14,31,1.0,0.6888888888888889,0.8157894736842105
11,ensemble_or,0.9708029197080292,628,12,8,37,0.7551020408163265,0.8222222222222222,0.7872340425531914
12,ensemble_uniq_avg,0.9781021897810219,640,0,15,30,1.0,0.6666666666666666,0.8
13,ensemble_uniq_or,0.9708029197080292,628,12,8,37,0.7551020408163265,0.8222222222222222,0.7872340425531914
